account_id,account_type,region,tenure_months,avg_monthly_cases,num_active_skus,avg_discount_pct,reimbursement_participation,support_tickets_90d,recency_days,payment_terms,competitor_activity_index,offboarding_ticket_flag,churned_90d
RET00001,Retailer,Midwest,52,55.7,9,21.8,0.137,1,38,2,1.795,1,1
RET00002,Retailer,West,37,115.7,6,8.9,0.547,2,70,0,0.775,0,0
RET00003,Distributor,West,25,321.5,2,6.4,0.491,4,12,0,1.404,0,0
RET00004,Retailer,Northeast,20,150.1,15,20.7,0.362,2,5,1,0.317,0,0
RET00005,Retailer,Northeast,52,97.4,6,7.0,0.223,4,34,1,1.194,0,0
RET00006,Retailer,Southeast,28,11.6,8,1.0,0.081,1,72,1,0.34,0,0
RET00007,Retailer,Southeast,28,168.7,6,17.1,0.296,2,15,0,1.495,0,0
RET00008,Distributor,West,47,159.3,10,6.8,0.469,1,18,0,1.051,0,0
RET00009,Retailer,Southeast,51,99.9,14,3.1,0.404,4,30,1,1.218,1,1
RET00010,Retailer,Midwest,81,139.1,5,11.5,0.16,0,36,0,1.076,0,0
RET00011,Distributor,Northeast,39,10.7,13,16.9,0.242,2,21,0,1.172,0,1
RET00012,Distributor,Southeast,64,65.0,9,14.6,0.411,3,61,2,1.621,0,0
RET00013,Retailer,Northeast,13,131.6,7,13.7,0.183,5,6,1,1.73,0,0
RET00014,Retailer,Midwest,38,71.3,5,15.0,0.283,4,24,0,0.591,0,0
RET00015,Retailer,Southeast,26,191.5,10,18.6,0.18,4,65,0,0.285,0,0
RET00016,Retailer,Southwest,39,125.9,9,7.5,0.116,5,72,1,0.962,0,0
RET00017,Retailer,Northeast,24,229.5,9,19.0,0.389,1,72,1,1.01,0,0
RET00018,Retailer,Southeast,33,20.2,13,8.9,0.066,3,118,1,0.873,1,1
RET00019,Distributor,West,13,43.8,14,8.8,0.215,3,51,1,1.458,0,0
RET00020,Retailer,Southwest,16,72.6,8,9.7,0.216,2,140,0,0.892,0,0
RET00021,Retailer,Southeast,17,48.0,11,21.0,0.128,4,28,0,0.553,0,0
RET00022,Retailer,Southeast,41,46.8,9,4.6,0.73,0,36,0,1.229,0,0
RET00023,Retailer,Midwest,41,147.8,8,20.1,0.131,2,35,2,1.31,0,0
RET00024,Retailer,Southeast,83,317.0,14,10.8,0.44,3,30,1,0.386,0,0
RET00025,Distributor,Southeast,93,54.0,11,18.4,0.051,1,87,0,0.557,0,0
RET00026,Retailer,Southeast,35,18.9,9,2.3,0.468,1,63,0,0.986,1,1
RET00027,Retailer,Southwest,21,119.1,7,17.3,0.247,3,17,2,0.538,0,0
RET00028,Retailer,West,10,61.1,6,13.7,0.197,4,68,0,1.796,0,0
RET00029,Retailer,Midwest,52,199.2,7,12.4,0.042,4,67,2,0.955,0,0
RET00030,Retailer,Midwest,23,23.4,11,7.8,0.137,2,9,0,0.879,0,0
RET00031,Retailer,West,38,56.2,8,16.7,0.503,2,60,0,1.431,0,0
RET00032,Retailer,West,24,98.4,9,18.8,0.305,3,10,0,0.904,0,0
RET00033,Retailer,Midwest,34,149.3,12,17.7,0.525,4,16,1,1.017,0,0
RET00034,Distributor,Southeast,32,81.9,7,19.1,0.396,0,55,0,0.938,0,0
RET00035,Retailer,Northeast,40,64.7,6,19.9,0.413,1,9,2,0.229,0,0
RET00036,Distributor,Southeast,70,80.3,13,21.8,0.176,1,17,1,0.675,0,0
RET00037,Retailer,Southeast,43,46.3,11,19.8,0.183,3,55,1,1.08,0,0
RET00038,Distributor,West,49,132.8,12,5.0,0.208,1,56,0,1.008,0,0
RET00039,Retailer,Midwest,56,47.3,6,15.0,0.515,3,55,1,1.343,0,0
RET00040,Retailer,Northeast,41,29.3,8,9.2,0.056,2,11,0,0.938,0,0
RET00041,Retailer,Midwest,15,38.3,12,1.4,0.127,1,9,1,1.565,1,1
RET00042,Distributor,West,25,199.6,7,20.6,0.409,4,16,2,0.465,0,0
RET00043,Retailer,Midwest,13,90.6,2,7.7,0.184,1,58,0,1.111,0,0
RET00044,Retailer,Midwest,11,101.9,7,0.3,0.331,3,32,2,1.326,0,0
RET00045,Retailer,Southwest,54,125.7,11,11.2,0.179,2,50,0,0.5,0,0
RET00046,Retailer,Southwest,11,90.7,17,14.1,0.325,3,30,0,1.281,0,0
RET00047,Retailer,Southeast,104,109.2,7,4.7,0.658,3,6,1,0.658,0,0
RET00048,Retailer,Midwest,46,8.3,6,12.4,0.321,4,55,1,0.881,1,1
RET00049,Retailer,Northeast,35,126.9,5,16.8,0.066,1,14,1,1.726,0,0
RET00050,Distributor,Southeast,37,2.9,11,16.7,0.101,0,11,0,1.16,0,0
RET00051,Retailer,Southeast,51,74.9,13,21.0,0.163,4,23,0,0.668,0,0
RET00052,Retailer,West,12,134.2,6,11.3,0.226,5,20,1,1.784,1,1
RET00053,Retailer,Southwest,18,195.0,11,20.2,0.331,3,26,0,0.928,0,0
RET00054,Retailer,Northeast,50,109.5,7,20.7,0.236,1,9,1,0.555,0,0
RET00055,Retailer,West,12,59.8,14,2.4,0.218,4,43,0,1.681,1,1
RET00056,Retailer,Midwest,10,59.5,8,15.9,0.338,4,5,1,1.781,0,0
RET00057,Retailer,Midwest,34,87.5,15,20.3,0.284,2,177,1,1.675,1,1
RET00058,Retailer,West,31,108.4,7,15.9,0.145,1,11,0,0.627,0,0
RET00059,Retailer,Northeast,88,254.9,7,3.0,0.511,3,56,0,1.568,0,0
RET00060,Retailer,Southeast,49,167.5,6,4.2,0.544,0,19,1,1.449,0,0
RET00061,Retailer,Northeast,41,65.3,11,21.8,0.587,1,52,0,1.24,0,0
RET00062,Distributor,West,30,214.0,6,8.1,0.255,5,82,0,0.248,0,0
RET00063,Retailer,Midwest,26,152.4,8,1.5,0.325,2,26,0,1.38,0,0
RET00064,Distributor,Southwest,23,21.1,11,15.9,0.197,2,70,1,1.646,1,1
RET00065,Retailer,West,18,13.2,3,6.7,0.312,1,9,0,0.281,0,0
RET00066,Retailer,Midwest,44,32.0,10,11.5,0.195,2,32,1,1.548,0,0
RET00067,Retailer,Southeast,16,59.9,7,21.2,0.408,4,16,1,0.319,0,0
RET00068,Distributor,Midwest,30,169.5,11,10.0,0.208,0,21,0,0.753,0,0
RET00069,Distributor,Southeast,11,133.4,12,0.4,0.264,0,2,1,0.541,0,0
RET00070,Retailer,Southwest,15,96.5,8,13.0,0.175,6,13,1,1.529,0,0
RET00071,Retailer,Northeast,72,127.5,5,3.5,0.452,2,53,1,1.777,0,0
RET00072,Retailer,West,13,117.0,6,11.4,0.871,4,48,1,0.907,0,0
RET00073,Retailer,Northeast,35,123.4,7,0.5,0.259,5,46,1,1.735,0,0
RET00074,Retailer,Midwest,26,336.0,10,15.6,0.39,1,5,2,0.716,0,0
RET00075,Retailer,Southwest,30,32.2,4,18.9,0.484,2,58,0,0.818,1,1
RET00076,Distributor,Southwest,4,90.3,13,20.1,0.251,1,30,0,1.532,1,1
RET00077,Retailer,West,29,65.8,11,19.7,0.177,1,48,1,1.495,0,0
RET00078,Retailer,West,23,62.0,3,16.0,0.304,0,22,1,1.476,0,0
RET00079,Distributor,Northeast,57,53.7,8,1.9,0.045,4,23,1,1.002,0,0
RET00080,Retailer,Southeast,63,24.7,11,4.3,0.281,2,39,0,0.644,0,0
RET00081,Retailer,Midwest,11,66.6,12,11.2,0.168,4,26,1,0.539,0,0
RET00082,Retailer,Midwest,35,182.2,10,15.6,0.195,3,32,1,0.245,0,0
RET00083,Retailer,Southwest,17,26.9,7,18.6,0.041,3,49,0,1.016,0,0
RET00084,Retailer,Southeast,28,70.8,12,14.0,0.197,4,47,0,1.317,0,0
RET00085,Retailer,Southeast,43,107.1,4,17.4,0.154,3,63,1,0.439,0,0
RET00086,Retailer,Southwest,25,23.6,6,10.2,0.298,3,19,0,0.982,0,0
RET00087,Retailer,West,51,126.4,9,18.9,0.584,2,33,1,0.93,0,0
RET00088,Distributor,Southeast,39,137.2,14,8.0,0.25,1,21,1,1.006,0,0
RET00089,Distributor,Northeast,3,59.3,12,19.7,0.146,1,49,0,1.793,0,0
RET00090,Retailer,Southwest,18,338.6,9,3.3,0.147,2,24,2,0.317,0,0
RET00091,Retailer,Southwest,48,21.3,10,7.8,0.222,6,26,0,1.343,0,0
RET00092,Distributor,Midwest,44,92.5,4,8.6,0.265,4,62,0,1.484,0,0
RET00093,Retailer,West,39,211.6,16,19.0,0.502,1,47,0,0.51,0,0
RET00094,Retailer,Midwest,96,107.3,8,9.0,0.223,3,62,0,0.935,0,0
RET00095,Distributor,Midwest,3,32.7,4,15.4,0.262,2,41,0,0.825,0,0
RET00096,Retailer,Southeast,22,240.0,7,4.3,0.224,3,38,2,1.704,0,0
RET00097,Distributor,Midwest,34,78.6,9,18.5,0.158,3,43,0,0.697,1,1
RET00098,Distributor,Southwest,24,113.5,10,8.0,0.082,1,7,0,1.149,0,0
RET00099,Retailer,Northeast,19,55.0,6,16.1,0.667,0,102,1,1.156,0,0
RET00100,Retailer,Midwest,87,56.9,4,12.4,0.243,0,27,2,1.669,0,0
RET00101,Distributor,Midwest,19,246.2,5,2.5,0.484,8,28,0,1.416,0,0
RET00102,Distributor,Midwest,46,67.9,8,21.6,0.262,2,28,0,1.688,0,0
RET00103,Distributor,Southwest,25,67.4,9,13.8,0.367,1,74,1,0.26,0,0
RET00104,Retailer,Midwest,66,173.8,10,17.6,0.52,1,31,0,0.631,0,0
RET00105,Retailer,Midwest,7,52.4,11,16.6,0.284,2,11,0,0.36,0,0
RET00106,Retailer,Southeast,54,147.0,5,15.0,0.102,4,11,1,1.354,0,0
RET00107,Distributor,West,33,43.9,5,10.5,0.371,1,17,0,1.467,0,0
RET00108,Retailer,Northeast,15,248.5,9,3.2,0.341,4,17,0,1.314,0,0
RET00109,Retailer,Southeast,67,151.6,7,4.8,0.776,0,51,1,0.8,0,0
RET00110,Retailer,West,62,56.3,10,0.2,0.166,1,36,0,1.749,0,0
RET00111,Retailer,Midwest,21,308.8,13,3.2,0.686,3,27,1,0.469,0,0
RET00112,Retailer,West,11,72.1,10,9.4,0.03,1,25,2,0.416,0,0
RET00113,Retailer,Midwest,29,32.9,6,2.1,0.484,2,50,0,1.231,0,0
RET00114,Distributor,West,16,80.0,6,4.0,0.237,1,17,2,0.494,0,0
RET00115,Retailer,Southwest,51,113.2,6,12.6,0.404,2,31,1,1.442,0,0
RET00116,Retailer,Midwest,27,373.5,15,0.8,0.388,3,16,0,1.561,0,0
RET00117,Retailer,Northeast,15,73.4,9,2.6,0.307,2,29,1,0.626,0,0
RET00118,Retailer,Midwest,42,60.9,10,8.1,0.617,1,47,0,1.415,0,0
RET00119,Retailer,Southwest,36,262.4,7,9.9,0.141,3,15,0,0.564,0,0
RET00120,Retailer,Northeast,50,186.0,11,18.5,0.044,4,65,1,0.714,0,0
RET00121,Retailer,West,31,33.9,6,2.3,0.134,1,22,0,1.74,0,0
RET00122,Retailer,Southeast,36,99.2,10,13.7,0.4,0,73,0,0.619,1,1
RET00123,Retailer,Southwest,16,38.5,11,22.0,0.257,2,13,0,1.642,0,0
RET00124,Retailer,Northeast,64,160.5,8,3.4,0.27,2,52,2,0.44,0,0
RET00125,Retailer,Midwest,42,154.3,3,15.7,0.17,3,38,0,0.241,0,0
RET00126,Retailer,Northeast,44,239.9,12,18.3,0.104,2,25,2,0.838,0,0
RET00127,Retailer,Southeast,23,47.7,9,6.3,0.347,2,39,0,1.741,0,0
RET00128,Distributor,Southwest,23,105.6,6,14.1,0.348,2,6,0,1.103,0,0
RET00129,Retailer,Midwest,34,43.8,9,18.5,0.532,5,1,0,1.321,0,0
RET00130,Retailer,Midwest,32,4.4,10,6.7,0.14,2,54,2,1.76,1,1
RET00131,Distributor,Southwest,35,166.6,12,12.2,0.14,2,23,0,1.022,0,0
RET00132,Retailer,Northeast,58,160.2,8,7.3,0.088,3,2,0,0.902,0,0
RET00133,Retailer,Southwest,75,139.7,7,16.6,0.48,4,6,2,1.287,1,1
RET00134,Retailer,Midwest,81,87.0,8,10.7,0.468,1,46,0,1.315,0,0
RET00135,Retailer,Midwest,12,35.9,8,3.7,0.097,4,35,0,0.386,1,1
RET00136,Retailer,Northeast,53,68.9,12,4.5,0.212,2,55,0,1.654,0,0
RET00137,Retailer,Northeast,36,129.8,9,13.1,0.26,2,44,0,1.023,0,0
RET00138,Retailer,Southeast,65,155.2,10,21.0,0.667,1,60,0,1.436,0,0
RET00139,Distributor,Midwest,25,182.5,10,5.5,0.49,4,20,2,0.742,0,0
RET00140,Retailer,Midwest,62,183.5,9,1.6,0.236,1,45,0,0.629,0,0
RET00141,Retailer,West,18,91.5,9,17.7,0.046,4,25,2,1.547,0,0
RET00142,Retailer,Southwest,66,171.4,9,17.5,0.42,2,11,1,0.64,0,0
RET00143,Retailer,Northeast,31,97.9,8,4.1,0.264,4,68,0,0.347,0,0
RET00144,Distributor,Southeast,72,29.6,9,8.8,0.284,3,34,0,1.716,0,0
RET00145,Retailer,Southeast,6,148.7,12,14.9,0.194,6,28,1,1.144,0,0
RET00146,Retailer,Southwest,60,89.4,8,3.5,0.477,1,31,0,0.323,0,0
RET00147,Retailer,Midwest,37,113.2,10,11.8,0.149,1,41,1,1.269,0,0
RET00148,Distributor,West,27,228.2,3,21.0,0.308,8,15,1,0.937,0,0
RET00149,Retailer,Southwest,50,67.7,6,0.7,0.441,2,51,0,0.391,0,0
RET00150,Retailer,Northeast,40,169.4,17,5.7,0.322,3,67,0,1.641,0,0
RET00151,Distributor,Southwest,15,58.0,8,7.8,0.584,5,6,2,0.84,1,1
RET00152,Retailer,Southwest,18,158.2,8,5.7,0.52,1,57,1,1.57,0,0
RET00153,Retailer,Southeast,57,58.9,11,16.6,0.247,4,89,0,1.315,0,0
RET00154,Distributor,Northeast,59,67.4,9,11.8,0.408,3,21,1,0.66,0,0
RET00155,Retailer,West,16,72.6,11,19.2,0.165,2,18,0,1.216,0,0
RET00156,Distributor,Midwest,15,135.1,10,16.4,0.162,1,27,0,1.606,0,0
RET00157,Distributor,Southwest,47,172.2,11,2.6,0.264,3,42,2,1.344,0,0
RET00158,Retailer,Southwest,27,139.4,11,13.7,0.749,1,69,2,0.576,0,0
RET00159,Retailer,Northeast,28,132.4,9,19.6,0.317,3,29,0,1.356,0,0
RET00160,Retailer,Midwest,49,50.8,8,10.3,0.208,3,83,1,1.726,0,0
RET00161,Retailer,Southwest,48,120.3,9,0.2,0.297,0,71,0,0.354,1,0
RET00162,Retailer,Southwest,39,81.4,8,2.1,0.119,4,15,1,1.516,0,0
RET00163,Retailer,Southeast,47,32.6,13,8.6,0.061,2,28,1,0.206,0,0
RET00164,Retailer,Northeast,28,100.1,11,15.9,0.393,2,13,1,0.955,0,0
RET00165,Retailer,Northeast,37,216.0,6,8.8,0.523,1,61,0,0.947,0,0
RET00166,Retailer,West,16,115.5,9,6.0,0.799,0,2,0,0.982,0,0
RET00167,Retailer,Midwest,21,153.1,9,14.2,0.483,5,13,1,1.574,0,0
RET00168,Retailer,Southwest,49,95.0,6,18.3,0.112,4,69,0,1.784,0,0
RET00169,Retailer,West,23,370.0,13,13.7,0.452,1,47,0,0.833,0,0
RET00170,Retailer,Midwest,43,20.0,7,9.3,0.092,1,15,2,1.181,0,0
RET00171,Retailer,Southeast,51,91.2,7,16.9,0.1,3,7,0,0.707,0,0
RET00172,Retailer,Midwest,85,88.8,9,4.2,0.371,5,18,0,0.725,0,0
RET00173,Distributor,Southwest,20,141.5,7,19.4,0.05,3,5,0,0.909,1,1
RET00174,Retailer,Midwest,44,215.3,14,6.8,0.118,2,48,0,1.132,0,0
RET00175,Distributor,Northeast,13,153.1,7,17.7,0.147,2,5,1,1.163,0,0
RET00176,Retailer,Midwest,19,182.9,10,5.3,0.087,1,12,0,0.377,0,0
RET00177,Retailer,West,28,127.4,8,11.4,0.225,1,44,2,1.387,0,0
RET00178,Distributor,Southwest,56,114.6,6,5.9,0.118,5,7,0,0.717,0,0
RET00179,Retailer,Northeast,35,292.6,5,7.6,0.478,4,44,1,0.765,0,0
RET00180,Distributor,West,6,58.7,9,12.5,0.232,3,62,0,1.186,0,0
RET00181,Retailer,West,41,181.0,6,10.7,0.421,1,33,2,1.689,0,0
RET00182,Distributor,West,5,43.2,4,11.0,0.186,2,47,2,0.609,0,0
RET00183,Retailer,Southeast,51,178.4,7,20.3,0.455,5,30,0,1.339,0,0
RET00184,Distributor,Southeast,56,388.8,8,2.6,0.602,2,37,1,0.846,0,0
RET00185,Distributor,Southwest,73,132.1,8,6.7,0.208,1,36,0,0.746,1,0
RET00186,Retailer,West,7,69.8,11,11.0,0.08,0,48,1,0.998,0,0
RET00187,Retailer,Southwest,4,136.8,7,5.0,0.265,1,4,2,1.797,0,0
RET00188,Retailer,Northeast,35,121.9,4,7.3,0.194,2,14,1,0.38,0,0
RET00189,Retailer,West,49,16.6,8,2.6,0.137,4,25,0,0.789,1,1
RET00190,Retailer,Southwest,28,156.2,8,8.8,0.299,1,97,0,1.203,0,0
RET00191,Retailer,Midwest,70,387.2,10,13.6,0.26,5,147,0,1.625,0,0
RET00192,Retailer,Southwest,42,60.0,9,21.0,0.111,3,26,0,0.938,0,0
RET00193,Retailer,Midwest,67,41.1,13,2.6,0.244,3,60,1,0.883,0,0
RET00194,Retailer,West,52,26.3,9,15.4,0.113,2,31,0,0.458,0,0
RET00195,Retailer,West,23,58.1,9,18.3,0.534,3,57,2,1.588,0,0
RET00196,Retailer,Southwest,14,39.6,9,15.9,0.036,3,5,0,1.242,0,0
RET00197,Retailer,Southwest,24,66.4,4,22.0,0.256,4,4,1,0.704,0,0
RET00198,Retailer,Southeast,24,46.0,17,1.5,0.164,4,37,0,0.759,0,0
RET00199,Retailer,Northeast,12,77.9,5,18.4,0.116,4,25,1,0.895,0,0
RET00200,Retailer,Southwest,66,100.3,6,2.6,0.376,5,8,1,0.827,0,0
RET00201,Retailer,Northeast,48,52.5,12,5.0,0.288,5,24,1,1.516,0,0
RET00202,Retailer,Midwest,42,17.6,8,10.7,0.32,1,52,0,1.602,0,0
RET00203,Retailer,Southeast,10,152.6,6,11.7,0.099,1,5,1,1.118,0,0
RET00204,Retailer,Southeast,17,100.5,11,1.7,0.161,4,39,0,1.71,0,0
RET00205,Distributor,Southwest,42,199.9,6,13.3,0.104,3,26,0,1.428,0,0
RET00206,Retailer,Northeast,39,78.7,7,21.3,0.287,4,20,0,1.276,0,0
RET00207,Retailer,Midwest,26,97.7,3,19.2,0.335,0,11,2,1.071,0,0
RET00208,Distributor,West,26,100.4,10,19.0,0.171,2,51,1,1.202,0,1
RET00209,Distributor,Southeast,54,75.8,11,9.3,0.461,1,24,1,1.452,0,0
RET00210,Distributor,West,27,24.0,10,1.3,0.492,1,3,1,0.855,0,0
RET00211,Retailer,Southeast,26,13.8,14,18.0,0.355,1,72,0,1.032,0,0
RET00212,Distributor,Southwest,26,45.2,11,2.0,0.109,3,23,0,1.42,0,1
RET00213,Retailer,Southwest,25,86.5,7,10.6,0.004,1,25,0,0.52,0,0
RET00214,Retailer,Southeast,22,156.6,7,21.7,0.25,4,33,0,0.629,0,0
RET00215,Retailer,West,39,43.1,11,6.3,0.199,1,53,1,1.255,0,0
RET00216,Distributor,Southeast,69,327.6,8,3.0,0.118,1,37,0,0.493,0,0
RET00217,Retailer,Southeast,36,75.7,17,7.2,0.295,4,7,0,0.854,0,0
RET00218,Retailer,Northeast,60,30.5,7,17.0,0.379,1,11,2,0.918,0,0
RET00219,Distributor,West,38,251.1,8,11.0,0.124,1,26,1,0.618,0,0
RET00220,Retailer,Southeast,73,165.1,5,20.5,0.478,1,14,0,1.289,0,0
RET00221,Retailer,West,20,83.3,8,3.3,0.295,0,23,0,0.891,1,1
RET00222,Distributor,Northeast,56,78.8,9,20.6,0.58,2,18,2,1.306,0,0
RET00223,Retailer,Northeast,11,212.3,16,18.7,0.297,1,55,0,1.68,0,0
RET00224,Retailer,West,16,122.4,8,14.4,0.171,2,32,1,0.23,0,0
RET00225,Retailer,Southwest,24,126.0,4,10.7,0.203,3,25,2,1.352,0,0
RET00226,Retailer,Northeast,33,20.9,10,4.2,0.417,7,9,1,1.46,0,0
RET00227,Retailer,Northeast,45,62.2,8,7.7,0.364,3,18,1,0.901,0,0
RET00228,Retailer,Southwest,16,153.2,10,8.1,0.508,2,16,0,1.289,0,0
RET00229,Retailer,Southeast,14,72.8,9,21.1,0.348,3,24,0,0.59,0,0
RET00230,Distributor,Southeast,26,138.4,9,20.6,0.178,0,78,0,0.366,0,0
RET00231,Retailer,Southwest,43,84.6,6,16.4,0.312,2,32,2,1.313,0,0
RET00232,Retailer,West,24,65.0,17,13.5,0.067,3,18,0,0.994,0,0
RET00233,Distributor,Southeast,14,124.6,16,10.6,0.133,1,24,1,1.511,0,0
RET00234,Retailer,Northeast,35,63.3,9,12.7,0.123,1,33,0,1.242,0,0
RET00235,Retailer,Northeast,14,39.2,8,3.4,0.639,3,58,2,0.946,0,0
RET00236,Retailer,Northeast,22,184.8,12,8.5,0.442,2,51,2,1.189,0,0
RET00237,Retailer,Southwest,39,93.7,4,13.6,0.447,2,66,1,0.96,0,0
RET00238,Distributor,Southeast,83,105.5,11,5.5,0.379,2,74,0,1.421,0,0
RET00239,Retailer,Southwest,40,207.0,10,11.3,0.184,3,51,1,1.718,0,0
RET00240,Retailer,West,21,12.7,12,12.0,0.145,2,49,0,1.193,0,0
RET00241,Retailer,Southeast,51,25.2,10,14.9,0.16,1,28,1,1.028,0,0
RET00242,Distributor,West,15,26.9,7,8.0,0.111,0,8,1,1.798,0,0
RET00243,Retailer,Northeast,56,54.6,10,4.4,0.037,6,35,0,1.311,0,0
RET00244,Retailer,Northeast,37,38.3,6,7.8,0.084,1,46,0,0.475,1,1
RET00245,Retailer,Midwest,92,51.8,5,7.8,0.308,1,33,0,0.317,0,0
RET00246,Retailer,Southeast,43,86.3,16,15.2,0.531,2,94,1,0.497,0,0
RET00247,Retailer,West,33,251.7,13,18.0,0.28,5,71,0,0.24,0,0
RET00248,Retailer,Southwest,38,38.0,8,12.6,0.442,1,33,0,0.271,0,0
RET00249,Retailer,Southeast,54,532.8,11,3.7,0.459,0,15,0,0.833,0,0
RET00250,Retailer,Northeast,25,106.1,9,17.9,0.069,2,39,0,0.329,0,0
RET00251,Retailer,Southeast,21,21.0,7,18.7,0.139,3,60,0,1.671,0,0
RET00252,Retailer,Southeast,76,61.7,8,0.2,0.558,2,23,2,1.514,0,0
RET00253,Retailer,Southeast,50,84.4,11,8.0,0.673,0,36,0,0.677,1,0
RET00254,Retailer,Midwest,51,62.2,4,14.4,0.034,2,10,1,1.069,0,0
RET00255,Retailer,Southwest,56,124.9,12,14.3,0.246,4,47,1,0.963,0,0
RET00256,Retailer,Midwest,33,90.5,9,13.4,0.618,2,11,2,0.521,0,0
RET00257,Retailer,Southeast,114,224.3,13,8.5,0.261,6,21,0,1.333,0,0
RET00258,Retailer,West,25,95.9,10,3.0,0.289,1,11,1,1.471,0,0
RET00259,Distributor,Northeast,33,88.7,10,21.0,0.123,7,51,0,0.253,0,0
RET00260,Distributor,West,65,312.1,8,19.7,0.823,1,43,1,1.335,0,0
RET00261,Distributor,Southeast,24,121.5,8,21.8,0.229,0,15,0,1.363,0,0
RET00262,Retailer,West,126,54.9,10,11.4,0.169,7,26,0,1.426,1,0
RET00263,Retailer,Southeast,9,25.4,9,17.5,0.471,3,111,0,0.816,0,0
RET00264,Distributor,West,49,45.6,10,4.1,0.447,2,20,1,0.712,0,0
RET00265,Distributor,Southeast,5,143.8,9,3.3,0.366,1,55,0,1.725,0,0
RET00266,Distributor,West,25,23.4,21,11.6,0.548,3,13,1,0.262,0,0
RET00267,Retailer,Midwest,23,52.7,11,1.0,0.327,1,20,0,0.786,0,0
RET00268,Retailer,West,27,24.6,13,4.0,0.376,1,36,0,0.81,1,0
RET00269,Retailer,Southeast,82,95.1,10,6.1,0.392,2,21,1,0.273,0,0
RET00270,Retailer,Southeast,53,76.9,11,13.7,0.143,6,49,0,1.189,0,0
RET00271,Distributor,Northeast,33,119.3,8,1.6,0.648,2,21,0,1.584,0,0
RET00272,Retailer,Northeast,18,146.7,5,14.4,0.336,4,17,0,1.355,0,0
RET00273,Retailer,Southwest,21,79.7,4,2.4,0.152,1,4,1,0.936,0,0
RET00274,Retailer,Northeast,47,10.3,7,10.8,0.097,1,56,1,1.662,0,0
RET00275,Retailer,Southwest,12,83.1,6,6.8,0.52,2,34,0,0.907,0,0
RET00276,Retailer,Southwest,33,32.3,10,13.7,0.104,2,53,0,0.964,0,0
RET00277,Distributor,Southwest,20,139.8,10,3.8,0.134,2,44,0,0.41,0,0
RET00278,Retailer,Southeast,44,30.7,9,16.7,0.325,5,41,1,0.352,0,0
RET00279,Retailer,Midwest,33,109.4,8,18.5,0.305,4,15,0,1.386,0,0
RET00280,Retailer,West,43,237.0,13,10.4,0.388,3,46,1,0.81,0,0
RET00281,Retailer,Southwest,42,39.7,7,9.6,0.043,1,38,1,1.402,0,0
RET00282,Retailer,Northeast,26,66.9,16,0.4,0.089,4,34,2,0.218,0,0
RET00283,Retailer,Southwest,56,60.3,5,7.5,0.437,2,15,2,1.273,0,0
RET00284,Retailer,West,4,158.4,9,3.7,0.526,2,2,0,1.203,0,0
RET00285,Retailer,Southeast,16,168.7,10,0.9,0.221,3,2,0,1.152,0,0
RET00286,Retailer,Southwest,28,33.4,9,18.0,0.466,0,42,1,1.507,0,0
RET00287,Retailer,Southwest,83,44.5,10,21.1,0.092,3,29,1,0.93,0,0
RET00288,Retailer,Southeast,10,77.0,9,21.3,0.484,1,12,2,0.909,0,0
RET00289,Retailer,Northeast,15,49.5,14,3.1,0.11,1,10,0,0.512,0,0
RET00290,Retailer,Southeast,51,122.3,6,1.5,0.09,1,80,0,1.626,0,0
RET00291,Retailer,Midwest,40,144.3,12,21.4,0.179,0,69,0,1.533,0,0
RET00292,Retailer,Northeast,27,8.1,7,19.6,0.369,1,46,1,1.296,0,0
RET00293,Retailer,West,37,250.3,7,11.5,0.269,3,50,0,1.163,0,0
RET00294,Distributor,Northeast,38,80.2,9,7.1,0.034,4,13,1,1.654,0,0
RET00295,Retailer,Southeast,12,54.0,12,15.9,0.348,3,2,1,0.644,0,0
RET00296,Retailer,Northeast,70,222.9,9,7.3,0.437,1,54,1,0.402,0,0
RET00297,Distributor,Southwest,8,113.0,6,18.1,0.177,0,82,0,0.695,1,0
RET00298,Distributor,Southeast,32,141.8,9,19.3,0.119,3,18,1,1.712,0,0
RET00299,Retailer,Southeast,65,290.0,9,7.3,0.259,1,53,1,0.391,0,0
RET00300,Retailer,Southeast,20,155.9,10,7.4,0.299,1,137,0,0.52,0,0
RET00301,Retailer,Southeast,2,53.5,9,12.8,0.282,0,59,0,0.578,0,0
RET00302,Retailer,Midwest,28,8.6,8,21.8,0.468,5,37,2,0.538,0,0
RET00303,Retailer,Southwest,60,52.2,6,12.4,0.424,1,14,1,1.74,0,0
RET00304,Retailer,Midwest,28,48.3,8,16.4,0.202,1,22,0,1.795,0,0
RET00305,Retailer,Southeast,4,157.3,6,2.9,0.378,3,32,1,1.333,0,0
RET00306,Retailer,Southeast,23,87.4,8,11.6,0.444,1,32,2,0.63,0,0
RET00307,Distributor,Southwest,33,175.5,7,20.7,0.459,0,37,0,1.639,0,0
RET00308,Retailer,West,27,205.8,10,14.6,0.546,2,22,2,1.6,0,0
RET00309,Retailer,Southeast,33,263.3,7,9.2,0.326,5,23,1,1.436,0,0
RET00310,Retailer,Midwest,8,24.7,11,14.4,0.085,3,61,0,1.797,1,1
RET00311,Retailer,West,38,49.0,6,2.8,0.359,3,23,1,1.527,0,0
RET00312,Retailer,Southwest,43,191.7,3,2.2,0.71,1,15,0,1.108,0,0
RET00313,Retailer,Southeast,33,121.4,7,17.2,0.166,2,11,0,0.535,0,0
RET00314,Retailer,Southeast,45,190.7,4,10.6,0.419,2,24,1,0.91,0,0
RET00315,Retailer,Midwest,27,221.8,12,16.1,0.16,4,19,2,0.599,1,1
RET00316,Retailer,Southeast,28,246.7,12,13.9,0.084,4,25,1,1.276,0,0
RET00317,Distributor,Southeast,22,166.2,10,9.3,0.17,3,16,0,1.757,0,0
RET00318,Retailer,Northeast,51,29.5,8,5.4,0.204,1,49,0,1.638,0,0
RET00319,Retailer,Northeast,43,136.2,11,20.3,0.144,2,15,1,1.742,0,0
RET00320,Retailer,Southwest,33,214.6,9,12.9,0.22,3,94,0,1.145,0,0
RET00321,Retailer,Northeast,45,135.9,11,11.0,0.529,4,42,0,0.802,0,0
RET00322,Retailer,West,89,244.1,9,20.1,0.081,1,28,1,1.001,0,0
RET00323,Retailer,Midwest,13,245.5,10,10.9,0.097,0,30,0,0.584,1,0
RET00324,Retailer,Southwest,19,101.1,8,0.5,0.083,1,50,1,1.59,0,0
RET00325,Retailer,Northeast,12,173.0,8,6.0,0.185,1,48,0,1.31,0,0
RET00326,Retailer,Southwest,43,71.5,9,15.3,0.365,1,100,0,0.852,0,0
RET00327,Retailer,Southwest,51,154.6,5,7.1,0.147,2,14,0,0.966,0,0
RET00328,Distributor,Northeast,51,105.1,6,1.7,0.382,5,9,0,0.394,1,1
RET00329,Retailer,Northeast,29,163.4,7,22.0,0.575,1,41,1,0.24,0,0
RET00330,Distributor,Southwest,40,63.0,9,13.8,0.299,5,9,0,0.327,0,0
RET00331,Distributor,West,18,9.4,6,14.8,0.406,1,16,1,1.565,0,0
RET00332,Retailer,West,7,132.5,11,4.3,0.068,1,9,1,0.96,0,0
RET00333,Retailer,Southwest,25,110.1,5,4.6,0.472,3,23,0,1.111,0,0
RET00334,Retailer,Southwest,47,62.5,11,15.0,0.548,2,21,0,1.682,0,0
RET00335,Retailer,Northeast,30,33.6,9,1.6,0.125,3,57,1,1.8,0,0
RET00336,Retailer,Northeast,68,121.1,11,13.3,0.098,2,36,0,1.387,0,0
RET00337,Retailer,West,28,10.3,7,9.6,0.04,1,3,0,1.058,0,0
RET00338,Retailer,Southeast,23,185.6,8,20.3,0.225,1,123,0,1.645,1,0
RET00339,Retailer,Southeast,22,126.9,7,7.5,0.308,2,14,0,1.3,0,0
RET00340,Retailer,Southeast,36,252.7,9,10.6,0.37,0,25,2,1.057,0,0
RET00341,Distributor,Northeast,58,3.6,8,11.9,0.31,4,33,0,1.513,0,0
RET00342,Retailer,Southeast,7,71.1,10,14.5,0.25,1,9,0,1.176,0,0
RET00343,Retailer,Midwest,34,210.7,8,20.8,0.089,1,17,0,0.399,0,0
RET00344,Distributor,Southwest,33,57.1,10,7.4,0.496,0,18,1,1.39,0,0
RET00345,Retailer,Midwest,13,86.8,9,1.0,0.223,2,16,0,1.059,0,0
RET00346,Retailer,Southwest,12,147.9,8,18.7,0.621,1,6,0,1.019,0,0
RET00347,Retailer,West,31,147.3,9,20.5,0.082,4,16,1,0.635,0,0
RET00348,Retailer,Northeast,35,134.7,11,15.1,0.454,3,76,0,0.792,0,0
RET00349,Retailer,West,21,137.9,9,18.8,0.278,1,46,1,1.73,0,0
RET00350,Retailer,Midwest,37,109.4,13,17.3,0.152,2,22,0,0.448,0,0
RET00351,Distributor,Southeast,29,144.4,8,2.0,0.339,1,39,1,1.227,0,0
RET00352,Retailer,Southwest,73,71.3,4,21.7,0.057,2,28,0,0.851,1,1
RET00353,Distributor,Midwest,18,233.2,7,17.6,0.138,3,11,0,0.259,0,0
RET00354,Distributor,Southwest,60,131.5,7,4.3,0.216,4,18,1,0.23,0,0
RET00355,Distributor,Southwest,42,30.2,8,6.1,0.068,1,35,0,1.695,0,0
RET00356,Retailer,Midwest,71,146.0,15,9.9,0.149,4,22,1,1.318,0,0
RET00357,Retailer,Midwest,23,231.3,12,18.9,0.44,3,18,2,0.718,0,0
RET00358,Distributor,Northeast,13,53.7,5,0.1,0.316,4,2,1,0.871,0,0
RET00359,Retailer,Midwest,19,25.1,9,6.5,0.417,4,42,0,1.36,0,0
RET00360,Retailer,Southwest,23,262.1,7,9.9,0.244,3,66,2,0.916,0,0
RET00361,Distributor,West,51,81.0,6,4.3,0.241,2,20,0,1.258,0,0
RET00362,Retailer,West,43,211.3,12,5.6,0.425,1,59,0,0.956,0,0
RET00363,Retailer,West,20,140.3,10,12.5,0.087,1,73,0,1.695,0,0
RET00364,Distributor,Southeast,40,275.2,12,3.3,0.256,3,48,0,0.736,0,0
RET00365,Retailer,Southwest,58,69.5,10,13.9,0.451,2,21,1,0.304,0,0
RET00366,Distributor,West,24,153.3,7,18.9,0.533,1,56,0,1.385,1,1
RET00367,Retailer,West,6,87.3,8,0.5,0.364,3,40,2,0.217,0,0
RET00368,Distributor,West,24,212.5,12,21.0,0.198,3,27,0,0.471,0,0
RET00369,Retailer,West,17,12.7,11,5.0,0.399,2,55,0,1.054,0,0
RET00370,Retailer,Southwest,53,20.4,6,13.8,0.287,0,35,2,0.995,0,0
RET00371,Retailer,Northeast,86,79.8,4,2.6,0.268,2,20,0,0.676,0,0
RET00372,Retailer,Southwest,55,24.8,13,10.8,0.259,1,8,0,0.227,0,0
RET00373,Retailer,Midwest,62,184.6,9,0.1,0.086,3,39,0,0.933,0,0
RET00374,Distributor,Northeast,11,121.4,7,15.8,0.65,3,21,1,0.597,0,0
RET00375,Retailer,Midwest,31,47.0,6,1.2,0.059,1,63,0,1.773,0,0
RET00376,Distributor,Midwest,66,43.7,12,1.4,0.41,1,15,0,0.846,0,0
RET00377,Distributor,Southeast,76,147.6,3,21.5,0.326,2,30,1,1.707,0,0
RET00378,Distributor,Southeast,51,41.1,6,13.2,0.242,2,23,0,0.899,0,0
RET00379,Retailer,West,20,317.4,11,17.0,0.267,4,23,0,1.261,0,0
RET00380,Retailer,Northeast,4,98.4,9,11.5,0.179,3,33,0,0.28,1,1
RET00381,Retailer,Southeast,39,253.9,9,4.5,0.333,2,43,1,0.268,0,0
RET00382,Retailer,Southwest,23,212.0,11,5.9,0.083,1,29,2,0.522,0,0
RET00383,Distributor,Southwest,38,43.8,14,21.9,0.307,3,20,0,0.473,1,1
RET00384,Retailer,Northeast,20,66.3,13,17.2,0.117,1,46,0,0.355,0,0
RET00385,Retailer,Northeast,33,67.7,12,16.5,0.242,1,32,0,1.221,0,0
RET00386,Distributor,West,51,77.9,13,0.4,0.26,2,21,2,1.055,0,0
RET00387,Retailer,Northeast,17,82.6,10,4.6,0.508,5,93,2,0.638,0,0
RET00388,Retailer,West,34,48.0,9,20.2,0.451,2,17,2,0.414,0,0
RET00389,Retailer,West,26,43.2,12,5.8,0.081,2,48,1,0.348,0,0
RET00390,Retailer,Midwest,28,115.7,13,20.2,0.302,4,79,0,0.55,0,0
RET00391,Retailer,Midwest,22,40.4,6,1.7,0.142,3,14,0,1.12,0,0
RET00392,Retailer,Southeast,4,74.1,9,8.8,0.112,0,52,0,0.799,0,0
RET00393,Retailer,Southeast,7,103.8,10,10.6,0.264,1,38,2,1.37,0,0
RET00394,Retailer,West,41,121.1,10,10.8,0.307,1,83,2,0.943,0,0
RET00395,Retailer,West,31,141.9,10,21.2,0.227,2,10,1,0.812,0,0
RET00396,Retailer,Southwest,31,254.8,10,0.3,0.308,2,49,0,0.331,0,0
RET00397,Retailer,Southwest,24,115.0,8,21.5,0.452,2,12,2,0.638,0,0
RET00398,Retailer,Northeast,51,70.2,9,11.0,0.299,5,44,1,0.795,0,0
RET00399,Retailer,Southeast,40,138.6,13,18.3,0.55,1,23,0,0.502,0,0
RET00400,Distributor,Southwest,19,121.1,5,8.6,0.206,2,11,1,0.879,0,0
RET00401,Retailer,Southeast,8,84.1,4,20.6,0.165,2,85,1,1.371,0,0
RET00402,Distributor,Midwest,20,146.5,13,9.0,0.198,3,43,1,1.458,0,0
RET00403,Retailer,Southeast,30,96.0,8,8.8,0.468,0,59,0,1.745,0,0
RET00404,Retailer,Midwest,31,124.5,5,3.9,0.345,3,38,0,1.456,0,0
RET00405,Retailer,West,144,30.6,6,3.5,0.137,4,10,1,0.3,0,0
RET00406,Retailer,Southeast,24,253.4,13,17.5,0.31,1,6,0,1.46,0,0
RET00407,Retailer,Northeast,43,133.2,15,3.1,0.374,1,79,1,0.955,0,0
RET00408,Retailer,West,29,93.0,9,10.6,0.342,5,5,0,1.372,0,0
RET00409,Retailer,Northeast,40,92.2,16,19.7,0.262,2,34,0,1.748,0,0
RET00410,Retailer,Southeast,25,93.3,7,8.3,0.289,4,15,0,0.875,0,0
RET00411,Retailer,Southwest,24,128.3,9,2.6,0.585,2,7,1,0.422,0,0
RET00412,Distributor,Northeast,42,97.0,12,16.7,0.093,3,47,0,0.778,0,0
RET00413,Retailer,Southwest,6,165.5,8,0.2,0.285,5,29,1,1.445,0,0
RET00414,Retailer,West,32,104.6,7,20.9,0.425,1,34,1,0.249,0,0
RET00415,Retailer,Southwest,18,107.4,6,16.5,0.384,2,2,2,1.434,0,0
RET00416,Retailer,Southeast,12,32.7,9,14.9,0.22,1,11,1,1.484,0,0
RET00417,Retailer,Southeast,43,170.4,15,15.5,0.228,2,23,1,1.54,0,0
RET00418,Distributor,Southwest,14,29.5,10,20.3,0.154,2,42,0,0.823,0,0
RET00419,Retailer,West,9,53.1,10,19.0,0.271,4,17,0,0.758,0,0
RET00420,Retailer,Southeast,40,253.6,9,18.2,0.553,3,33,1,0.959,0,0
RET00421,Retailer,Midwest,45,30.5,11,1.4,0.492,3,31,1,0.242,0,0
RET00422,Distributor,Southeast,2,87.3,10,14.4,0.576,0,22,1,1.32,0,0
RET00423,Retailer,Midwest,27,41.9,12,0.1,0.39,2,26,0,1.603,1,0
RET00424,Retailer,Midwest,38,13.7,8,13.3,0.347,0,43,0,0.995,0,0
RET00425,Retailer,Midwest,33,9.3,3,19.7,0.489,1,25,2,0.67,0,0
RET00426,Retailer,Southwest,46,35.1,14,19.2,0.437,2,30,0,0.891,0,0
RET00427,Distributor,Southwest,9,198.1,9,3.7,0.276,5,11,1,0.313,0,0
RET00428,Distributor,Midwest,18,152.5,5,19.1,0.379,0,40,0,0.897,0,0
RET00429,Distributor,Midwest,45,148.2,11,6.7,0.058,2,12,1,1.534,0,0
RET00430,Retailer,Northeast,107,60.4,9,14.8,0.159,1,91,0,1.486,0,0
RET00431,Retailer,Midwest,12,26.1,8,21.7,0.335,4,23,2,1.34,0,0
RET00432,Retailer,West,46,172.5,4,19.7,0.473,3,13,0,1.414,0,0
RET00433,Distributor,Southwest,8,45.7,6,3.6,0.241,5,57,0,1.027,0,0
RET00434,Retailer,Midwest,47,48.7,8,13.1,0.239,5,42,0,0.698,0,0
RET00435,Retailer,Southeast,39,346.0,5,2.4,0.324,1,6,0,0.912,0,0
RET00436,Retailer,West,108,167.4,7,13.2,0.189,1,6,2,1.147,0,0
RET00437,Retailer,Southwest,20,60.3,16,12.7,0.105,0,29,0,1.792,0,0
RET00438,Retailer,Southwest,15,137.0,16,6.0,0.394,1,12,1,1.585,0,0
RET00439,Retailer,West,12,63.9,4,17.1,0.345,3,45,1,1.325,0,0
RET00440,Retailer,Southeast,66,158.8,13,21.2,0.197,1,18,1,0.565,0,0
RET00441,Retailer,Northeast,13,91.3,11,20.0,0.372,2,16,0,1.11,0,0
RET00442,Retailer,Southwest,26,57.9,7,12.6,0.552,4,29,0,0.766,0,0
RET00443,Distributor,Southeast,25,18.7,7,1.5,0.309,2,34,2,0.624,0,0
RET00444,Retailer,Northeast,23,46.6,5,17.9,0.097,2,81,1,0.604,0,0
RET00445,Distributor,Northeast,66,22.0,3,17.7,0.479,4,5,1,1.622,0,0
RET00446,Retailer,West,49,113.7,8,9.5,0.308,1,39,0,0.716,0,0
RET00447,Retailer,West,40,75.5,7,17.4,0.153,3,24,1,1.23,1,1
RET00448,Retailer,West,47,63.6,14,6.4,0.413,4,32,0,0.765,0,0
RET00449,Retailer,Southeast,14,176.0,11,12.0,0.182,2,17,2,0.229,0,0
RET00450,Retailer,West,38,281.3,6,16.2,0.306,3,8,2,0.46,0,0
RET00451,Retailer,Northeast,51,20.8,9,19.2,0.105,4,40,0,0.812,0,0
RET00452,Retailer,Northeast,46,161.6,14,13.5,0.166,2,3,2,1.033,0,0
RET00453,Retailer,Northeast,48,31.8,10,10.5,0.013,0,13,0,1.329,1,1
RET00454,Retailer,Midwest,38,133.9,11,12.3,0.317,3,21,0,1.132,0,0
RET00455,Retailer,Midwest,20,126.4,5,4.5,0.554,2,40,1,1.681,0,0
RET00456,Retailer,West,17,101.9,11,21.9,0.335,3,53,0,1.208,0,0
RET00457,Distributor,Southwest,23,73.5,7,21.9,0.41,1,36,0,0.452,0,0
RET00458,Retailer,Southwest,41,228.0,12,7.3,0.442,0,46,2,0.281,0,0
RET00459,Retailer,West,62,84.5,13,3.1,0.426,2,68,1,0.319,0,0
RET00460,Retailer,Southwest,28,24.2,9,12.0,0.404,2,33,0,1.75,0,0
RET00461,Retailer,Midwest,50,65.4,6,5.1,0.603,2,19,1,1.655,0,0
RET00462,Retailer,Midwest,14,40.3,10,0.4,0.851,2,29,0,0.663,0,0
RET00463,Retailer,Midwest,16,87.3,10,10.3,0.367,3,79,1,0.521,0,0
RET00464,Retailer,Northeast,23,178.7,12,6.3,0.094,4,8,0,0.309,0,0
RET00465,Retailer,West,38,57.4,6,15.3,0.277,5,17,1,1.28,1,0
RET00466,Retailer,Southeast,5,147.3,10,9.6,0.332,5,12,2,1.178,0,0
RET00467,Retailer,West,41,109.6,6,19.0,0.07,1,43,1,0.622,1,1
RET00468,Retailer,Northeast,78,161.8,12,21.6,0.407,2,13,1,1.375,0,0
RET00469,Retailer,Northeast,36,60.1,5,11.7,0.143,5,15,0,0.368,0,0
RET00470,Retailer,West,42,134.1,4,15.6,0.28,3,45,0,0.526,0,0
RET00471,Retailer,Southeast,9,29.6,7,3.2,0.372,1,17,1,0.407,0,0
RET00472,Retailer,Southwest,47,25.0,8,5.4,0.316,3,34,0,0.343,0,0
RET00473,Retailer,Southeast,13,169.7,9,4.6,0.315,4,29,0,0.29,0,0
RET00474,Distributor,West,14,112.7,5,0.3,0.321,2,27,1,0.891,0,0
RET00475,Distributor,Midwest,5,129.3,9,1.1,0.122,2,36,0,1.638,0,0
RET00476,Retailer,West,31,112.3,11,0.8,0.164,3,38,2,0.229,0,0
RET00477,Retailer,West,54,46.3,9,3.5,0.194,3,81,0,1.071,0,0
RET00478,Retailer,Southwest,70,62.6,5,9.6,0.025,2,25,2,0.471,0,0
RET00479,Retailer,Southwest,25,121.1,7,3.1,0.035,1,30,0,0.421,0,0
RET00480,Retailer,Northeast,35,64.0,11,20.6,0.04,4,16,0,0.482,0,0
RET00481,Retailer,Southwest,74,203.9,9,16.0,0.605,2,37,0,1.594,0,0
RET00482,Distributor,Northeast,60,120.9,4,12.4,0.491,3,38,1,1.548,0,0
RET00483,Retailer,Southwest,22,210.8,7,18.0,0.401,2,21,1,0.568,0,0
RET00484,Retailer,Northeast,16,183.5,11,1.3,0.549,1,17,0,1.176,0,0
RET00485,Retailer,Southwest,7,185.4,12,13.5,0.044,2,22,0,0.89,0,0
RET00486,Retailer,West,10,41.2,12,13.2,0.193,0,23,0,0.484,0,0
RET00487,Retailer,Southwest,26,176.1,10,14.1,0.064,3,28,0,0.545,0,0
RET00488,Retailer,Southeast,51,47.6,6,15.9,0.713,3,47,0,1.768,1,1
RET00489,Distributor,West,59,193.4,10,18.1,0.353,2,25,0,0.943,0,0
RET00490,Retailer,Southwest,15,91.2,10,6.1,0.303,2,5,2,1.384,0,0
RET00491,Distributor,Midwest,27,35.0,1,4.7,0.395,0,34,2,1.507,0,0
RET00492,Retailer,Northeast,45,29.9,11,9.0,0.24,4,67,1,0.882,0,0
RET00493,Retailer,Southeast,39,161.4,9,9.3,0.419,1,18,1,1.204,0,0
RET00494,Retailer,West,22,204.4,9,16.0,0.236,2,24,1,0.354,0,0
RET00495,Retailer,Southwest,6,116.2,6,19.5,0.257,1,13,0,0.825,0,0
RET00496,Retailer,Southwest,28,45.4,6,1.9,0.067,3,54,0,0.963,0,0
RET00497,Distributor,Southwest,8,32.1,11,17.8,0.192,3,48,0,0.652,1,1
RET00498,Retailer,Southwest,55,128.9,4,15.6,0.305,4,1,1,1.053,0,0
RET00499,Retailer,Northeast,28,84.3,7,17.2,0.615,2,29,1,0.486,0,0
RET00500,Retailer,Northeast,28,125.8,7,4.7,0.112,5,41,1,0.79,0,0
RET00501,Distributor,Southwest,16,169.8,11,21.6,0.21,4,128,1,1.099,0,0
RET00502,Retailer,Southeast,5,44.3,8,18.7,0.323,3,45,0,1.308,0,0
RET00503,Retailer,West,53,142.1,11,9.7,0.079,4,53,2,0.764,0,0
RET00504,Retailer,Southwest,18,39.9,9,21.7,0.21,3,63,0,1.421,1,1
RET00505,Retailer,Southwest,17,21.1,10,19.6,0.243,1,20,1,1.175,0,0
RET00506,Distributor,Midwest,31,138.1,4,12.4,0.145,2,11,0,0.543,0,0
RET00507,Retailer,Southeast,23,250.0,7,2.6,0.265,1,8,0,0.205,0,0
RET00508,Retailer,West,13,133.0,12,1.1,0.338,1,37,2,0.982,0,0
RET00509,Retailer,Southwest,25,45.8,8,10.2,0.463,2,31,2,0.859,0,0
RET00510,Retailer,Southeast,32,105.7,11,12.3,0.133,1,10,1,0.687,0,0
RET00511,Distributor,Southwest,48,22.9,9,19.2,0.085,1,3,0,0.709,0,0
RET00512,Retailer,Northeast,58,325.3,7,3.7,0.466,1,49,1,0.577,0,0
RET00513,Retailer,Southeast,32,87.8,6,18.4,0.192,2,70,0,0.701,0,0
RET00514,Retailer,Midwest,11,196.3,9,19.2,0.262,2,108,2,0.756,0,0
RET00515,Retailer,Midwest,47,35.6,10,16.8,0.2,3,35,0,0.595,0,0
RET00516,Distributor,Midwest,14,124.4,6,21.2,0.536,1,24,0,1.202,0,0
RET00517,Retailer,Southwest,42,88.8,12,10.5,0.183,2,91,1,0.275,0,0
RET00518,Retailer,Northeast,12,230.3,14,6.3,0.031,2,24,0,0.646,0,0
RET00519,Retailer,West,29,45.2,7,8.4,0.132,3,58,0,1.585,0,0
RET00520,Retailer,Midwest,50,38.7,12,17.0,0.261,5,5,1,0.496,0,0
RET00521,Retailer,Southeast,21,11.1,14,4.6,0.281,2,35,1,0.725,1,1
RET00522,Retailer,Southeast,31,24.6,5,0.7,0.083,3,13,1,1.671,0,0
RET00523,Distributor,West,80,27.7,9,18.1,0.082,0,9,2,1.169,0,0
RET00524,Retailer,Southwest,61,52.9,7,21.1,0.038,3,21,2,0.482,1,1
RET00525,Retailer,Southwest,17,177.2,10,20.2,0.058,6,21,0,1.085,0,0
RET00526,Retailer,West,36,36.0,12,6.3,0.203,1,20,1,0.864,0,0
RET00527,Retailer,Southwest,72,92.2,13,12.2,0.265,1,25,1,0.877,0,0
RET00528,Distributor,West,23,47.3,5,14.8,0.408,3,12,0,0.795,0,0
RET00529,Retailer,Southwest,64,325.5,11,11.5,0.076,2,30,1,0.395,0,0
RET00530,Retailer,Northeast,48,100.7,9,7.6,0.373,2,22,0,1.128,1,0
RET00531,Retailer,Southeast,51,26.4,7,10.0,0.087,0,9,1,0.581,0,0
RET00532,Distributor,Southwest,14,115.5,10,5.8,0.136,1,34,0,0.976,0,0
RET00533,Retailer,Southwest,18,75.9,9,21.9,0.369,5,23,0,0.866,0,0
RET00534,Retailer,Northeast,7,38.4,13,20.3,0.322,3,39,1,1.669,0,0
RET00535,Retailer,Midwest,100,152.4,3,5.3,0.351,2,15,2,0.996,0,0
RET00536,Retailer,West,29,19.7,7,6.7,0.445,2,48,1,0.207,0,0
RET00537,Distributor,West,19,79.2,13,10.3,0.049,1,39,1,1.539,0,0
RET00538,Retailer,Midwest,19,70.2,11,19.0,0.096,0,43,1,1.448,0,0
RET00539,Retailer,Southwest,43,143.8,9,20.4,0.39,2,41,0,1.609,0,0
RET00540,Retailer,Southeast,26,55.3,8,4.0,0.43,0,62,0,1.077,0,0
RET00541,Retailer,Southwest,59,201.2,6,1.6,0.196,3,48,2,0.457,1,0
RET00542,Distributor,Southwest,53,312.9,7,3.5,0.144,1,8,1,0.662,0,0
RET00543,Distributor,Southwest,46,55.7,5,11.4,0.365,5,91,2,1.133,0,0
RET00544,Retailer,Northeast,45,15.9,9,18.1,0.098,3,7,1,1.752,0,0
RET00545,Distributor,West,35,230.4,2,17.6,0.255,2,20,2,0.877,0,0
RET00546,Retailer,Southwest,23,66.8,13,5.5,0.63,2,9,1,1.109,1,0
RET00547,Distributor,Southwest,29,243.5,12,7.4,0.244,2,24,2,1.044,0,0
RET00548,Retailer,Southwest,26,70.7,9,18.2,0.155,3,108,1,0.364,0,0
RET00549,Retailer,West,66,21.9,10,17.0,0.454,6,19,2,0.655,0,0
RET00550,Retailer,Southwest,20,76.4,4,2.8,0.289,4,58,1,0.537,0,0
RET00551,Retailer,Midwest,63,146.8,5,9.4,0.098,2,52,1,0.542,0,0
RET00552,Distributor,Midwest,58,241.9,12,8.8,0.535,1,37,1,0.919,0,0
RET00553,Retailer,Northeast,55,18.8,12,7.1,0.138,2,68,1,0.611,0,0
RET00554,Retailer,Midwest,24,203.7,5,16.7,0.237,5,73,2,1.689,0,0
RET00555,Distributor,Northeast,25,150.5,18,4.3,0.379,2,11,0,0.231,0,0
RET00556,Retailer,Southeast,23,224.1,10,1.4,0.162,3,85,2,0.57,0,0
RET00557,Retailer,Southeast,26,134.3,5,19.1,0.312,4,42,0,0.688,0,0
RET00558,Distributor,Midwest,15,117.6,6,15.8,0.189,2,48,0,1.288,0,0
RET00559,Distributor,West,23,130.3,12,5.5,0.363,5,1,0,1.377,0,0
RET00560,Retailer,Southeast,36,49.1,7,1.0,0.45,1,28,0,0.627,0,0
RET00561,Retailer,West,52,11.6,7,3.5,0.123,2,58,0,1.061,1,1
RET00562,Distributor,West,19,81.7,9,6.2,0.193,0,39,1,0.563,0,0
RET00563,Retailer,Northeast,32,85.4,11,5.5,0.317,1,60,1,0.663,0,0
RET00564,Retailer,Northeast,29,75.0,12,8.4,0.239,3,14,0,0.654,0,0
RET00565,Retailer,Northeast,31,73.4,10,9.3,0.262,2,18,0,0.94,0,0
RET00566,Distributor,Southwest,68,125.7,7,18.7,0.223,0,54,0,1.577,0,0
RET00567,Retailer,Midwest,7,47.3,11,0.7,0.257,4,69,2,0.751,0,0
RET00568,Retailer,Southwest,23,87.1,15,2.3,0.07,2,14,0,0.7,0,0
RET00569,Retailer,Northeast,44,59.6,5,12.7,0.344,2,48,0,0.271,0,0
RET00570,Retailer,West,56,308.3,12,0.1,0.488,4,17,0,1.315,0,0
RET00571,Retailer,Southwest,40,109.0,7,19.6,0.361,2,15,1,1.315,0,0
RET00572,Retailer,Southwest,19,140.2,9,10.3,0.277,1,54,1,1.66,0,0
RET00573,Retailer,Northeast,38,67.4,5,1.0,0.075,3,7,1,1.555,0,0
RET00574,Retailer,Midwest,64,67.9,11,8.3,0.267,2,53,2,1.506,0,0
RET00575,Retailer,Northeast,11,15.6,10,16.6,0.098,0,14,1,0.911,0,0
RET00576,Retailer,Southwest,33,164.1,10,14.4,0.155,3,66,2,1.591,0,0
RET00577,Retailer,Southwest,34,67.2,5,1.6,0.545,2,24,0,1.788,0,0
RET00578,Distributor,Northeast,35,59.8,7,8.2,0.142,4,169,1,0.954,0,0
RET00579,Distributor,Southwest,19,88.6,6,10.7,0.658,4,12,1,0.234,0,0
RET00580,Retailer,Southwest,40,33.7,10,9.3,0.187,2,86,1,0.468,0,0
RET00581,Retailer,Southwest,26,64.3,7,6.3,0.271,2,27,2,0.703,0,0
RET00582,Retailer,Midwest,24,22.5,15,9.5,0.089,3,43,1,1.492,1,0
RET00583,Retailer,West,19,161.9,14,4.6,0.151,2,47,0,1.199,0,0
RET00584,Retailer,Northeast,59,140.6,5,10.7,0.67,2,80,0,0.551,0,0
RET00585,Retailer,West,11,23.5,7,20.7,0.33,2,25,0,1.562,0,0
RET00586,Retailer,Southeast,61,104.8,7,16.4,0.078,4,74,2,0.412,0,0
RET00587,Retailer,Southeast,13,26.3,10,5.9,0.51,1,5,1,0.64,0,0
RET00588,Retailer,Southwest,33,149.5,7,7.0,0.371,0,48,0,1.178,0,0
RET00589,Retailer,Northeast,18,33.5,15,14.5,0.117,1,20,0,1.018,0,0
RET00590,Retailer,Midwest,23,133.8,9,18.7,0.285,0,41,1,0.677,0,0
RET00591,Retailer,Southwest,28,77.8,10,17.2,0.195,2,110,0,1.158,0,0
RET00592,Retailer,West,45,51.8,6,19.6,0.384,1,31,0,0.794,0,0
RET00593,Retailer,West,20,127.7,4,7.8,0.223,1,13,0,1.359,0,0
RET00594,Retailer,Southwest,14,117.2,10,18.2,0.212,3,74,0,0.34,0,1
RET00595,Retailer,Southwest,38,192.6,10,15.5,0.543,1,11,1,0.623,0,0
RET00596,Retailer,Southeast,45,6.0,8,21.3,0.248,1,29,0,1.514,0,0
RET00597,Retailer,Midwest,20,106.5,9,3.3,0.459,1,18,0,0.845,0,0
RET00598,Retailer,Southwest,87,120.6,8,3.2,0.291,3,65,0,0.356,0,0
RET00599,Retailer,Southwest,34,60.2,10,21.3,0.257,1,16,0,0.556,0,0
RET00600,Retailer,Southeast,106,133.7,10,16.8,0.335,5,16,1,1.485,0,0
RET00601,Retailer,West,15,65.2,10,9.7,0.021,0,44,0,1.273,0,0
RET00602,Retailer,Southwest,52,248.4,9,15.1,0.419,1,16,2,0.72,0,0
RET00603,Retailer,Midwest,36,159.1,6,4.1,0.193,4,47,0,0.595,0,0
RET00604,Retailer,Northeast,39,57.7,10,12.9,0.53,1,32,0,0.446,0,0
RET00605,Retailer,Midwest,58,125.4,6,13.7,0.198,5,8,0,1.668,0,0
RET00606,Retailer,Northeast,22,39.3,9,7.8,0.24,3,12,1,1.672,0,0
RET00607,Retailer,West,25,19.5,10,4.5,0.336,2,31,0,0.651,0,0
RET00608,Retailer,Northeast,49,190.7,8,7.6,0.362,3,38,1,0.306,0,0
RET00609,Retailer,Midwest,23,163.3,14,19.1,0.266,3,99,0,0.236,0,0
RET00610,Retailer,Midwest,21,62.6,5,7.6,0.25,1,32,0,1.08,1,1
RET00611,Retailer,Northeast,68,20.5,15,18.6,0.396,3,70,0,1.278,0,0
RET00612,Retailer,Midwest,9,124.1,7,17.8,0.752,1,35,1,1.234,0,0
RET00613,Distributor,West,23,6.7,11,13.7,0.515,2,38,1,1.243,0,0
RET00614,Retailer,Midwest,15,179.8,6,13.0,0.308,4,44,1,1.666,0,0
RET00615,Retailer,Midwest,24,51.6,11,0.9,0.183,1,15,1,1.15,0,0
RET00616,Distributor,Southeast,60,334.1,9,5.2,0.217,3,12,1,1.41,0,0
RET00617,Retailer,Northeast,50,14.4,4,2.7,0.174,2,16,0,1.748,0,0
RET00618,Retailer,Southeast,21,172.5,9,2.9,0.443,2,76,1,0.676,1,1
RET00619,Retailer,Southwest,15,187.8,9,21.7,0.504,3,35,1,0.658,0,0
RET00620,Distributor,Midwest,48,34.4,10,14.2,0.261,0,23,0,0.821,0,0
RET00621,Retailer,Midwest,49,33.0,10,15.4,0.457,2,28,1,1.687,0,0
RET00622,Distributor,Southeast,16,76.7,11,20.7,0.129,1,42,2,0.677,0,0
RET00623,Retailer,Midwest,56,109.9,10,3.0,0.401,1,53,2,1.513,1,1
RET00624,Retailer,Southwest,7,97.0,11,11.6,0.381,3,51,0,0.947,0,0
RET00625,Distributor,Midwest,59,59.7,11,17.8,0.287,2,10,1,1.57,0,0
RET00626,Distributor,Midwest,44,68.2,15,14.5,0.111,5,18,0,1.288,0,0
RET00627,Distributor,Southeast,62,129.1,5,9.1,0.167,4,32,1,1.724,0,0
RET00628,Retailer,Northeast,9,139.8,8,2.9,0.149,0,90,0,0.701,1,1
RET00629,Retailer,Midwest,64,133.6,9,1.8,0.012,5,77,0,1.432,0,0
RET00630,Retailer,West,31,108.5,13,10.9,0.065,2,5,1,0.849,0,0
RET00631,Retailer,Northeast,12,156.6,6,7.7,0.203,0,41,0,1.69,0,0
RET00632,Retailer,Southeast,35,71.6,11,11.4,0.153,2,18,2,1.304,0,0
RET00633,Retailer,West,28,299.4,7,14.1,0.305,2,37,2,0.92,0,0
RET00634,Distributor,Northeast,78,31.0,10,4.4,0.446,2,51,0,1.338,0,0
RET00635,Retailer,Southeast,40,16.3,12,2.8,0.166,3,9,1,1.051,0,0
RET00636,Retailer,Northeast,79,102.5,15,6.6,0.501,1,18,0,0.246,0,0
RET00637,Distributor,West,47,99.2,12,19.2,0.557,2,62,0,0.757,1,1
RET00638,Retailer,Southeast,38,224.0,7,9.2,0.511,2,27,0,0.515,0,0
RET00639,Retailer,West,25,74.7,8,1.1,0.599,0,11,1,1.504,0,0
RET00640,Distributor,Midwest,45,17.7,12,10.6,0.364,5,13,2,1.018,0,0
RET00641,Retailer,West,22,222.7,10,19.4,0.037,2,16,1,1.255,0,0
RET00642,Retailer,West,35,39.1,8,11.2,0.481,6,26,1,0.798,0,0
RET00643,Retailer,Midwest,12,103.4,10,11.5,0.205,1,16,0,1.794,0,0
RET00644,Distributor,Midwest,47,36.9,11,11.4,0.708,5,2,0,0.878,0,0
RET00645,Retailer,Southwest,127,127.3,16,0.8,0.46,0,20,1,1.064,0,0
RET00646,Retailer,Southwest,55,268.0,9,10.3,0.589,0,24,1,1.646,0,0
RET00647,Retailer,Northeast,45,18.8,13,20.8,0.065,2,6,0,0.245,0,0
RET00648,Retailer,West,17,32.1,13,11.2,0.225,3,46,2,0.832,0,0
RET00649,Distributor,West,22,90.9,6,11.3,0.381,4,67,0,0.692,1,0
RET00650,Retailer,Southwest,30,113.2,8,13.5,0.054,1,12,0,1.132,1,0
RET00651,Retailer,West,20,27.5,3,11.3,0.108,3,9,0,1.03,0,0
RET00652,Distributor,Northeast,18,41.9,12,16.3,0.103,4,1,0,0.419,0,0
RET00653,Retailer,Southwest,24,338.0,9,17.5,0.71,3,22,0,1.501,0,0
RET00654,Retailer,Southeast,23,8.4,11,14.4,0.463,3,68,1,1.619,0,0
RET00655,Retailer,Midwest,15,240.6,7,12.0,0.16,2,69,0,1.207,0,0
RET00656,Distributor,West,39,19.5,8,5.5,0.315,3,43,1,0.777,0,0
RET00657,Retailer,Southeast,94,363.3,6,2.6,0.447,5,24,0,1.551,0,0
RET00658,Retailer,Midwest,9,20.3,6,5.7,0.102,2,1,1,0.7,1,1
RET00659,Retailer,Southwest,52,70.2,14,21.3,0.444,1,18,1,0.235,0,0
RET00660,Retailer,Midwest,24,195.6,8,2.6,0.088,2,19,2,1.77,0,0
RET00661,Retailer,Southwest,19,46.8,13,14.2,0.072,3,22,0,0.382,0,0
RET00662,Distributor,Northeast,44,184.2,4,15.2,0.214,3,22,1,1.234,0,0
RET00663,Distributor,Southeast,22,86.0,7,8.1,0.388,6,31,1,1.669,0,0
RET00664,Retailer,Southwest,12,76.5,10,5.5,0.093,1,7,2,1.011,0,0
RET00665,Retailer,Southwest,31,204.2,8,14.0,0.068,2,19,0,0.391,0,0
RET00666,Retailer,Midwest,56,56.0,4,3.7,0.091,2,10,0,1.027,0,0
RET00667,Distributor,Midwest,39,119.5,5,0.6,0.388,2,15,0,1.303,0,0
RET00668,Retailer,Northeast,45,47.5,11,17.3,0.271,2,27,2,0.787,0,0
RET00669,Retailer,Midwest,70,83.1,9,1.2,0.277,1,61,0,1.462,0,0
RET00670,Retailer,Northeast,16,137.4,13,20.9,0.302,2,8,0,0.73,0,0
RET00671,Retailer,West,56,247.5,6,0.3,0.175,1,16,0,0.247,0,0
RET00672,Retailer,Southeast,34,330.3,6,11.7,0.479,3,10,1,0.638,0,0
RET00673,Retailer,Southwest,70,99.9,4,16.4,0.191,1,59,0,0.888,0,0
RET00674,Retailer,Midwest,42,148.0,12,21.5,0.306,3,44,0,0.607,0,0
RET00675,Retailer,Southeast,30,40.8,15,6.1,0.359,1,44,1,1.043,0,0
RET00676,Retailer,Southwest,34,67.2,5,6.6,0.184,2,35,1,1.68,0,0
RET00677,Retailer,Midwest,20,80.1,11,4.0,0.508,1,40,2,0.387,0,0
RET00678,Distributor,West,93,74.3,8,20.8,0.201,4,20,0,1.394,0,0
RET00679,Retailer,Southeast,20,58.8,13,16.8,0.085,1,14,0,0.581,0,0
RET00680,Retailer,Southwest,30,26.4,13,10.1,0.613,1,71,1,0.79,0,0
RET00681,Retailer,West,20,105.7,9,0.5,0.172,3,44,1,0.719,0,0
RET00682,Retailer,Southeast,25,140.1,11,15.4,0.23,1,10,2,0.535,0,0
RET00683,Retailer,Midwest,32,85.1,8,20.0,0.272,1,31,0,1.79,0,0
RET00684,Retailer,Southeast,94,90.9,6,5.3,0.46,4,9,1,0.99,0,0
RET00685,Distributor,Southwest,25,94.8,8,15.9,0.303,2,42,1,0.515,0,0
RET00686,Retailer,Southwest,25,105.2,19,5.7,0.46,1,9,0,0.98,0,0
RET00687,Retailer,Southwest,56,98.1,10,11.9,0.341,0,82,1,1.632,0,0
RET00688,Retailer,West,10,47.3,8,20.3,0.526,2,7,0,0.738,0,0
RET00689,Distributor,Midwest,28,152.9,7,8.4,0.244,2,71,2,1.607,0,0
RET00690,Retailer,Northeast,14,220.5,9,1.2,0.352,0,19,0,0.555,0,0
RET00691,Retailer,Southeast,15,49.5,7,20.6,0.085,2,35,0,0.87,1,1
RET00692,Distributor,West,33,135.1,11,10.2,0.104,1,14,0,0.488,0,0
RET00693,Retailer,Southwest,13,87.7,9,16.3,0.403,3,30,1,0.785,0,0
RET00694,Retailer,Midwest,34,78.2,7,8.6,0.382,1,55,2,0.97,1,1
RET00695,Distributor,West,19,51.7,14,20.6,0.157,3,35,1,0.607,0,0
RET00696,Retailer,West,22,230.7,8,5.7,0.085,0,46,2,0.967,0,0
RET00697,Retailer,Southeast,95,26.0,9,0.5,0.363,3,29,0,1.169,0,0
RET00698,Retailer,Midwest,85,100.2,10,18.9,0.322,4,8,1,1.686,0,0
RET00699,Retailer,Southwest,21,192.8,12,10.6,0.404,3,13,0,0.331,0,0
RET00700,Retailer,West,28,150.7,6,10.9,0.545,1,20,0,0.603,0,0
RET00701,Retailer,Southwest,78,86.0,8,21.8,0.641,0,35,0,1.658,0,0
RET00702,Retailer,Southwest,27,38.1,8,6.0,0.205,2,82,0,0.946,0,0
RET00703,Retailer,Southwest,24,121.4,9,20.6,0.215,3,4,1,1.308,0,0
RET00704,Retailer,Southeast,27,110.0,9,17.5,0.216,1,1,2,0.723,0,0
RET00705,Retailer,West,43,6.7,9,7.8,0.124,1,12,0,1.43,1,1
RET00706,Retailer,Southwest,37,47.5,13,21.2,0.527,2,18,0,1.219,0,0
RET00707,Retailer,Southeast,43,182.9,5,9.2,0.544,1,16,2,0.33,0,0
RET00708,Distributor,Southeast,51,17.8,7,4.9,0.192,1,11,0,1.107,0,0
RET00709,Retailer,Midwest,12,90.7,10,10.5,0.13,4,11,0,0.528,0,0
RET00710,Retailer,Northeast,22,35.7,13,0.5,0.244,1,20,0,1.661,0,0
RET00711,Retailer,Southeast,11,4.9,10,13.5,0.232,0,24,1,0.75,0,0
RET00712,Distributor,Northeast,37,146.1,7,11.7,0.297,0,13,2,0.289,0,0
RET00713,Retailer,Southeast,41,344.4,7,20.3,0.582,3,20,0,1.203,0,0
RET00714,Retailer,Northeast,16,199.8,8,4.1,0.111,2,47,0,1.725,0,0
RET00715,Distributor,Midwest,127,65.9,6,17.8,0.455,3,5,1,1.096,0,0
RET00716,Retailer,Southwest,23,98.5,9,7.2,0.141,3,18,0,0.345,0,0
RET00717,Distributor,Southwest,54,38.2,9,15.0,0.132,2,12,0,0.882,0,0
RET00718,Retailer,Southeast,10,229.2,7,12.9,0.183,3,21,0,1.633,0,0
RET00719,Retailer,Southeast,87,346.2,11,6.1,0.393,1,50,1,0.416,0,0
RET00720,Retailer,Northeast,40,278.7,10,1.3,0.253,5,34,0,0.809,0,0
RET00721,Retailer,Southeast,10,60.5,6,2.7,0.061,1,10,1,0.797,0,0
RET00722,Retailer,West,45,105.2,8,17.7,0.393,2,27,0,1.437,0,0
RET00723,Distributor,Southwest,52,129.0,8,9.0,0.223,2,30,1,0.318,0,0
RET00724,Retailer,Southwest,13,315.6,7,13.0,0.087,3,14,1,0.644,0,0
RET00725,Retailer,Northeast,25,123.4,11,3.4,0.187,1,1,2,0.583,0,0
RET00726,Retailer,West,36,256.9,13,19.7,0.155,3,60,1,0.923,0,0
RET00727,Retailer,Southeast,63,16.4,9,13.3,0.258,3,20,1,1.33,0,0
RET00728,Retailer,Southwest,20,24.4,14,10.8,0.264,1,3,0,0.793,0,0
RET00729,Retailer,West,26,67.0,18,8.8,0.151,2,29,1,1.593,0,0
RET00730,Retailer,Northeast,42,84.9,15,10.6,0.347,4,22,1,1.521,0,0
RET00731,Retailer,Midwest,43,211.7,9,3.3,0.441,0,15,2,1.148,0,0
RET00732,Distributor,Northeast,17,35.4,8,18.9,0.232,0,53,1,0.721,1,1
RET00733,Retailer,Midwest,23,108.9,6,6.3,0.271,2,36,0,0.65,0,0
RET00734,Retailer,Midwest,32,116.9,11,2.5,0.584,0,33,0,0.268,1,1
RET00735,Retailer,Southeast,24,11.1,7,11.1,0.413,1,7,2,0.345,0,0
RET00736,Retailer,Midwest,37,93.8,6,14.7,0.156,1,14,0,0.39,0,0
RET00737,Retailer,Northeast,28,224.1,8,16.4,0.768,4,19,0,0.315,0,0
RET00738,Distributor,Midwest,27,75.3,5,2.2,0.26,4,36,0,1.667,0,0
RET00739,Retailer,Northeast,34,75.7,14,20.1,0.532,4,77,1,1.462,0,0
RET00740,Retailer,Southwest,18,69.0,12,11.0,0.324,1,9,0,1.575,0,0
RET00741,Retailer,Southeast,42,196.1,3,6.8,0.132,1,42,0,1.777,0,0
RET00742,Distributor,Southwest,32,68.4,11,7.1,0.384,1,21,2,1.197,0,0
RET00743,Retailer,Northeast,51,62.7,11,2.8,0.014,4,17,2,0.947,0,0
RET00744,Retailer,Northeast,34,67.5,9,14.7,0.584,3,108,1,0.284,0,0
RET00745,Retailer,Northeast,24,222.4,13,4.3,0.178,3,78,0,1.421,0,0
RET00746,Retailer,Midwest,39,13.1,7,11.6,0.241,2,12,0,1.169,0,0
RET00747,Retailer,Southeast,27,57.6,8,20.6,0.255,5,24,1,1.725,0,0
RET00748,Retailer,Southeast,90,38.8,12,21.5,0.093,2,52,1,1.732,0,0
RET00749,Retailer,Northeast,42,22.3,10,21.3,0.233,1,13,0,0.618,0,0
RET00750,Retailer,Northeast,35,49.9,4,18.1,0.419,1,49,2,0.383,0,0
RET00751,Retailer,Southeast,14,171.6,5,1.5,0.087,3,37,0,0.769,1,1
RET00752,Retailer,Midwest,23,276.0,12,10.7,0.319,2,17,0,0.229,0,0
RET00753,Retailer,Northeast,52,293.2,6,7.5,0.237,0,69,0,0.379,0,0
RET00754,Retailer,Northeast,39,132.6,9,1.5,0.231,2,65,1,0.462,0,0
RET00755,Retailer,Midwest,55,13.8,6,8.6,0.438,2,22,0,0.607,0,0
RET00756,Retailer,West,24,105.9,16,10.6,0.535,4,24,2,0.543,0,0
RET00757,Retailer,Northeast,34,120.2,7,7.5,0.232,3,37,0,1.518,0,0
RET00758,Distributor,Northeast,33,209.3,8,3.4,0.142,4,23,1,1.16,0,0
RET00759,Retailer,Southwest,5,160.3,12,14.4,0.31,2,7,0,1.63,0,0
RET00760,Distributor,Northeast,74,114.2,4,1.9,0.203,1,12,1,1.669,0,0
RET00761,Retailer,Southeast,46,96.5,8,18.0,0.22,0,12,1,1.263,0,0
RET00762,Retailer,Southeast,16,190.8,15,10.9,0.253,0,35,0,1.024,0,0
RET00763,Retailer,Southwest,51,28.3,15,9.2,0.484,2,35,1,0.304,1,1
RET00764,Retailer,Southeast,33,136.2,10,7.7,0.279,1,21,0,1.29,0,0
RET00765,Retailer,West,55,66.3,5,11.9,0.383,3,69,1,0.937,0,1
RET00766,Distributor,West,40,93.8,10,18.1,0.429,2,2,0,1.012,0,0
RET00767,Retailer,Southeast,43,125.7,7,9.9,0.104,0,18,0,0.247,0,0
RET00768,Retailer,West,35,19.4,7,3.5,0.339,2,7,0,1.047,0,0
RET00769,Retailer,West,15,87.9,9,7.8,0.073,4,8,0,0.876,0,0
RET00770,Retailer,Midwest,8,149.5,14,10.5,0.126,4,33,2,1.363,0,0
RET00771,Retailer,Northeast,23,64.3,9,3.4,0.721,4,10,1,1.189,0,0
RET00772,Distributor,Southeast,62,31.6,12,13.0,0.063,2,60,1,1.282,0,0
RET00773,Retailer,West,128,88.9,13,10.9,0.2,2,17,0,1.477,0,0
RET00774,Retailer,West,19,220.5,6,3.4,0.317,2,1,1,0.96,0,0
RET00775,Retailer,Southwest,7,125.2,14,8.5,0.415,2,9,1,0.36,0,0
RET00776,Retailer,West,51,31.6,6,7.7,0.355,3,61,0,1.787,0,0
RET00777,Retailer,West,9,36.9,8,10.0,0.219,2,18,2,0.737,0,0
RET00778,Distributor,Southwest,34,126.2,6,21.4,0.212,4,16,0,1.77,0,0
RET00779,Retailer,West,51,242.3,8,4.4,0.43,1,39,0,0.302,0,0
RET00780,Distributor,Midwest,37,51.4,16,18.0,0.425,2,23,2,1.532,0,0
RET00781,Retailer,Southwest,52,80.5,9,2.3,0.201,2,40,1,1.563,0,0
RET00782,Retailer,West,38,41.7,1,18.1,0.508,2,135,0,1.257,0,0
RET00783,Retailer,Southeast,10,137.6,9,16.4,0.103,2,33,2,0.72,0,0
RET00784,Retailer,Southwest,20,73.0,4,14.0,0.312,3,24,2,0.893,0,0
RET00785,Distributor,Midwest,16,158.5,3,21.6,0.261,4,17,0,0.362,0,0
RET00786,Retailer,Northeast,58,47.9,8,8.1,0.31,3,22,0,0.343,0,0
RET00787,Retailer,West,6,17.6,11,0.5,0.176,5,37,1,0.792,0,0
RET00788,Retailer,Southwest,62,206.2,9,2.1,0.686,2,37,1,1.436,0,0
RET00789,Distributor,Midwest,2,218.8,5,17.3,0.251,1,25,2,1.025,0,0
RET00790,Retailer,Northeast,10,88.2,11,6.4,0.207,2,31,1,1.021,0,0
RET00791,Retailer,West,41,75.4,11,13.6,0.407,4,28,1,0.274,0,0
RET00792,Distributor,West,69,249.4,11,3.4,0.484,1,21,0,1.143,0,0
RET00793,Retailer,Northeast,10,258.5,10,15.9,0.147,2,54,0,1.35,0,0
RET00794,Retailer,West,46,159.6,10,7.8,0.078,0,16,2,1.564,0,0
RET00795,Retailer,Midwest,30,84.6,9,16.8,0.351,2,6,0,0.323,0,0
RET00796,Retailer,Midwest,52,105.2,13,1.6,0.21,1,66,0,0.264,0,0
RET00797,Retailer,Southwest,57,233.7,5,5.4,0.268,4,115,0,1.8,0,0
RET00798,Retailer,West,75,20.3,6,8.1,0.028,3,20,0,0.977,0,0
RET00799,Retailer,Midwest,53,61.2,16,20.5,0.263,2,33,0,0.82,0,0
RET00800,Retailer,Southwest,27,21.8,13,6.1,0.084,3,16,2,1.353,0,0
RET00801,Retailer,West,45,61.6,7,19.1,0.53,2,8,0,1.097,0,0
RET00802,Retailer,West,91,111.7,11,9.3,0.447,3,31,1,0.883,0,0
RET00803,Retailer,Southeast,68,40.8,8,11.1,0.271,4,29,0,0.873,0,0
RET00804,Retailer,Southwest,27,42.5,7,6.9,0.522,6,68,1,0.392,0,0
RET00805,Retailer,Midwest,63,29.1,6,5.7,0.172,3,60,1,0.838,0,0
RET00806,Distributor,Southwest,91,36.4,12,12.9,0.285,1,33,1,0.28,0,0
RET00807,Retailer,Midwest,42,12.8,8,5.4,0.232,2,22,1,1.254,0,0
RET00808,Retailer,Southeast,62,166.2,6,21.7,0.305,3,36,1,0.511,0,0
RET00809,Distributor,West,24,156.6,14,7.1,0.325,3,20,0,0.626,0,0
RET00810,Distributor,Southwest,27,42.0,9,15.4,0.15,1,112,0,1.07,0,0
RET00811,Retailer,West,5,397.0,9,20.3,0.146,4,20,0,0.279,0,0
RET00812,Retailer,Midwest,62,59.5,9,15.2,0.155,1,6,0,1.224,1,1
RET00813,Retailer,Midwest,59,153.0,9,11.9,0.102,2,30,0,0.257,0,0
RET00814,Retailer,Southeast,69,18.6,9,16.6,0.284,3,64,0,1.374,0,0
RET00815,Retailer,Midwest,37,62.7,6,19.9,0.204,2,27,1,1.004,0,0
RET00816,Distributor,Midwest,53,181.8,11,12.0,0.23,4,31,1,1.599,0,0
RET00817,Retailer,Southeast,12,147.8,16,17.0,0.578,4,61,1,0.362,0,0
RET00818,Retailer,Northeast,84,46.8,5,3.8,0.347,4,21,0,0.272,0,0
RET00819,Retailer,Southwest,16,146.2,6,13.4,0.48,2,16,0,0.204,0,0
RET00820,Retailer,Northeast,42,52.5,9,11.0,0.154,3,11,1,0.792,0,0
